id,name,wbs,discipline,area,planned_start,planned_finish,predecessors,quantity_total,quantity_unit,is_critical
L6-401,Excavate P-201 foundation,1.1,CIVIL,Unit-2,2026-09-01,2026-09-03,
L6-402,Pour P-201 foundation,1.1,CIVIL,Unit-2,2026-09-04,2026-09-06,L6-401
L6-403,Foundation handover P-201,1.1,CIVIL,Unit-2,2026-09-07,2026-09-07,L6-402
L6-421,Position P-201,2.1,MECHANICAL,Unit-2,2026-09-08,2026-09-09,L6-403
L6-422,Align P-201,2.1,MECHANICAL,Unit-2,2026-09-10,2026-09-10,L6-421
L6-423,Connect suction P-201,2.1,MECHANICAL,Unit-2,2026-09-11,2026-09-11,L6-422
L6-424,Connect discharge P-201,2.1,MECHANICAL,Unit-2,2026-09-11,2026-09-12,L6-423
L6-425,Commission P-201,2.1,MECHANICAL,Unit-2,2026-09-13,2026-09-14,L6-424
L6-501,Erect 24"-P-112,3.1,PIPING,Unit-2,2026-09-08,2026-09-09,,40,spools,false
L6-502,Weld 24"-P-112,3.1,PIPING,Unit-2,2026-09-10,2026-09-12,L6-501
L6-503,NDT 24"-P-112,3.1,PIPING,Unit-2,2026-09-13,2026-09-14,L6-502
L6-504,Hydrotest 24"-P-112,3.1,PIPING,Unit-2,2026-09-15,2026-09-16,L6-503
L6-505,Restore 24"-P-112,3.1,PIPING,Unit-2,2026-09-17,2026-09-17,L6-504
L6-601,Erect cable tray MCC-2,4.1,ELECTRICAL,Unit-2,2026-09-08,2026-09-10,
L6-602,Pull cable MCC-2,4.1,ELECTRICAL,Unit-2,2026-09-11,2026-09-12,L6-601
L6-603,Terminate cable MCC-2,4.1,ELECTRICAL,Unit-2,2026-09-13,2026-09-13,L6-602
L6-604,Megger test MCC-2,4.1,ELECTRICAL,Unit-2,2026-09-14,2026-09-14,L6-603
L6-701,Excavate grid B3,5.1,CIVIL,Unit-3,2026-09-01,2026-09-02,
L6-702,Pour grid B3 foundation,5.1,CIVIL,Unit-3,2026-09-03,2026-09-04,L6-701
L6-703,Backfill grid B3,5.1,CIVIL,Unit-3,2026-09-05,2026-09-06,L6-702
L6-801,Position P-201A,6.1,MECHANICAL,Unit-3,2026-09-08,2026-09-09,
L6-802,Align P-201A,6.1,MECHANICAL,Unit-3,2026-09-10,2026-09-10,L6-801
L6-803,Connect discharge P-201A,6.1,MECHANICAL,Unit-3,2026-09-11,2026-09-12,L6-802
L6-901,Erect 24"-P-121,7.1,PIPING,Unit-3,2026-09-08,2026-09-09,
L6-902,Weld 24"-P-121,7.1,PIPING,Unit-3,2026-09-10,2026-09-12,L6-901
L6-903,NDT 24"-P-121,7.1,PIPING,Unit-3,2026-09-13,2026-09-14,L6-902
L6-904,Hydrotest 24"-P-121,7.1,PIPING,Unit-3,2026-09-15,2026-09-16,L6-903
L6-1001,Install PT-301,8.1,INSTRUMENTATION,Unit-2,2026-09-10,2026-09-10,
L6-1002,Calibrate PT-301,8.1,INSTRUMENTATION,Unit-2,2026-09-11,2026-09-11,L6-1001
L6-1101,Install valve V-201,9.1,MECHANICAL,Unit-2,2026-09-09,2026-09-10,
L6-1102,Pressure test valve V-201,9.1,MECHANICAL,Unit-2,2026-09-11,2026-09-11,L6-1101
L6-1201,Erect spool SP-201,10.1,PIPING,Unit-2,2026-09-08,2026-09-09,
L6-1202,Weld spool SP-201,10.1,PIPING,Unit-2,2026-09-10,2026-09-11,L6-1201
L6-1203,NDT spool SP-201,10.1,PIPING,Unit-2,2026-09-12,2026-09-12,L6-1202
L6-1301,Install insulation 24"-P-112,11.1,PIPING,Unit-2,2026-09-17,2026-09-18,L6-505
L6-1302,Paint 24"-P-112,11.1,PIPING,Unit-2,2026-09-19,2026-09-20,L6-1301
L6-1401,Install fireproofing P-201,12.1,CIVIL,Unit-2,2026-09-15,2026-09-16,L6-425
L6-1501,Functional test P-201,13.1,MECHANICAL,Unit-2,2026-09-15,2026-09-16,L6-425
L6-1502,Handover P-201,13.1,MECHANICAL,Unit-2,2026-09-17,2026-09-17,L6-1501
L6-1601,Close punch list P-201,14.1,MECHANICAL,Unit-2,2026-09-18,2026-09-18,L6-1502
